Dataset	Domains	Disconnect	Content	Advertising	Analytics	Social
alexa.2014-09-01.random.10000-http	7591	0.8130681069687788	0.7313924384139112	0.3036490580951126	0.2730865498616783	0.15979449347912
alexa.2014-09-01.random.10000-http-www	7825	0.8094568690095847	0.72370607028754	0.2959744408945687	0.2701597444089457	0.15706070287539936
alexa.2014-09-01.random.10000-https	1072	0.9011194029850746	0.8059701492537313	0.2891791044776119	0.2891791044776119	0.13619402985074627
alexa.2014-09-01.random.10000-https-www	1139	0.8955223880597015	0.7313432835820896	0.26865671641791045	0.23968393327480245	0.11676909569798069
alexa.2014-09-01.top.10000-http	8176	0.8489481409001957	0.7371575342465754	0.538527397260274	0.4568248532289628	0.12646771037181997
alexa.2014-09-01.top.10000-http-www	8289	0.8493183737483412	0.7285559174809989	0.5374592833876222	0.45204487875497645	0.12932802509349742
alexa.2014-09-01.top.10000-https	2369	0.8573237653018151	0.7978049810046433	0.5263824398480371	0.42296327564373154	0.10257492612916842
alexa.2014-09-01.top.10000-https-www	2801	0.8457693680828275	0.76472688325598	0.535166012138522	0.4173509460906819	0.09925026776151374
alexa.2014-09-01.top.dk.10000-http	2136	0.8960674157303371	0.7804307116104869	0.2902621722846442	0.20411985018726592	0.09316479400749064
alexa.2014-09-01.top.dk.10000-http-www	2182	0.8945921173235564	0.773602199816682	0.2928505957836847	0.21173235563703025	0.0921173235563703
alexa.2014-09-01.top.dk.10000-https	316	0.8639240506329114	0.7436708860759493	0.4240506329113924	0.25316455696202533	0.07911392405063292
alexa.2014-09-01.top.dk.10000-https-www	406	0.874384236453202	0.729064039408867	0.42610837438423643	0.2684729064039409	0.07389162561576355
alexa.2014-09-01.top.se.10000-http	2684	0.900521609538003	0.7507451564828614	0.29843517138599107	0.2503725782414307	0.10804769001490314
alexa.2014-09-01.top.se.10000-http-www	2779	0.9024829075206909	0.7538682979489025	0.2965095358042461	0.24937027707808565	0.10759265922993883
alexa.2014-09-01.top.se.10000-https	422	0.9502369668246445	0.8056872037914692	0.31990521327014215	0.24881516587677724	0.09004739336492891
alexa.2014-09-01.top.se.10000-https-www	630	0.9396825396825397	0.7619047619047619	0.32063492063492066	0.25396825396825395	0.08571428571428572
com.2014-08-29.random.10000-http	6222	0.6918997107039537	0.702346512375442	0.10012857602057217	0.31404693024750885	0.04500160720025715
com.2014-08-29.random.10000-http-www	6241	0.6869091491748117	0.6986059926293863	0.09886236180099343	0.30876462105431823	0.045185066495753885
com.2014-08-29.random.10000-https	41	0.7073170731707317	0.7804878048780488	0.17073170731707318	0.17073170731707318	0.07317073170731707
com.2014-08-29.random.10000-https-www	43	0.7209302325581395	0.7441860465116279	0.20930232558139536	0.27906976744186046	0.06976744186046512
dk.2014-07-23.random.10000-http	4626	0.5198875918720277	0.5998702983138781	0.06701253782965845	0.0959792477302205	0.05598789450929529
dk.2014-07-23.random.10000-http-www	4773	0.5133040016760947	0.5904043578462184	0.06599622878692646	0.09595642153781689	0.056149172428242196
dk.2014-07-23.random.10000-https	16	0.875	0.75	0.1875	0.1875	0.0625
dk.2014-07-23.random.10000-https-www	22	0.7727272727272727	0.7272727272727273	0.2727272727272727	0.22727272727272727	0.045454545454545456
net.2014-08-29.random.10000-http	5757	0.6967170401250652	0.7022754907069655	0.09675178044120201	0.3272537780093799	0.03769324300851138
net.2014-08-29.random.10000-http-www	5839	0.692070560027402	0.70080493235143	0.09470799794485357	0.32351430039390305	0.039561568761774274
net.2014-08-29.random.10000-https	16	0.75	0.8125	0	0.0625	0.0625
net.2014-08-29.random.10000-https-www	20	0.75	0.8	0.05	0.05	0.05
reach50.2014w35.se-http	43	0.7441860465116279	0.6046511627906976	0.5813953488372093	0.5116279069767442	0.046511627906976744
reach50.2014w35.se-http-www	42	0.7142857142857143	0.5714285714285714	0.5714285714285714	0.5	0.047619047619047616
reach50.2014w35.se-https	17	0.7058823529411765	0.5294117647058824	0.47058823529411764	0.47058823529411764	0.11764705882352941
reach50.2014w35.se-https-www	26	0.6153846153846154	0.5384615384615384	0.4230769230769231	0.4230769230769231	0.038461538461538464
se.2014-07-10.random.100000-http	54882	0.5328705222112897	0.5852920811923764	0.061258700484676215	0.09278087533253161	0.04004956087606137
se.2014-07-10.random.100000-http-www	57547	0.5314959945783446	0.5754600587345996	0.060958868403218236	0.09154256520756947	0.039845691347941685
se.2014-07-10.random.100000-https	226	0.8672566371681416	0.7079646017699115	0.09734513274336283	0.11061946902654868	0.06637168141592921
se.2014-07-10.random.100000-https-www	285	0.8526315789473684	0.6491228070175439	0.16140350877192983	0.15087719298245614	0.05964912280701754
se.healthstatus.2013.counties-http	18	0.8333333333333334	0.5	0	0.1111111111111111	0.1111111111111111
se.healthstatus.2013.counties-http-www	21	0.8571428571428571	0.5714285714285714	0	0.09523809523809523	0.09523809523809523
se.healthstatus.2013.counties-https	3	1	0.3333333333333333	0	0	0
se.healthstatus.2013.counties-https-www	5	1	0.6	0	0	0
se.healthstatus.2013.domain-registrars-http	108	0.8425925925925926	0.6574074074074074	0.12962962962962962	0.06481481481481481	0.018518518518518517
se.healthstatus.2013.domain-registrars-http-www	113	0.8407079646017699	0.6548672566371682	0.11504424778761062	0.061946902654867256	0.008849557522123894
se.healthstatus.2013.domain-registrars-https	34	0.8529411764705882	0.5882352941176471	0.17647058823529413	0.029411764705882353	0
se.healthstatus.2013.domain-registrars-https-www	36	0.8333333333333334	0.6111111111111112	0.19444444444444445	0.05555555555555555	0
se.healthstatus.2013.financial-services-http	67	0.6716417910447762	0.43283582089552236	0.23880597014925373	0.19402985074626866	0.029850746268656716
se.healthstatus.2013.financial-services-http-www	71	0.6619718309859155	0.43661971830985913	0.2535211267605634	0.18309859154929578	0.028169014084507043
se.healthstatus.2013.financial-services-https	16	0.75	0.6875	0.375	0.3125	0.0625
se.healthstatus.2013.financial-services-https-www	31	0.8064516129032258	0.6774193548387096	0.3870967741935484	0.3225806451612903	0.06451612903225806
se.healthstatus.2013.gocs-http	48	1	0.6458333333333334	0.22916666666666666	0.125	0.10416666666666667
se.healthstatus.2013.gocs-http-www	55	0.9818181818181818	0.6181818181818182	0.23636363636363636	0.12727272727272726	0.10909090909090909
se.healthstatus.2013.gocs-https	4	1	0.75	0.75	0.25	0
se.healthstatus.2013.gocs-https-www	9	1	0.6666666666666666	0.6666666666666666	0.2222222222222222	0.1111111111111111
se.healthstatus.2013.higher-education-http	38	0.9473684210526315	0.6052631578947368	0	0.13157894736842105	0.15789473684210525
se.healthstatus.2013.higher-education-http-www	44	0.9772727272727273	0.5909090909090909	0	0.1590909090909091	0.18181818181818182
se.healthstatus.2013.higher-education-https	9	1	0.5555555555555556	0	0.2222222222222222	0.3333333333333333
se.healthstatus.2013.higher-education-https-www	24	1	0.7083333333333334	0	0.25	0.2916666666666667
se.healthstatus.2013.isps-http	18	0.7777777777777778	0.7777777777777778	0.4444444444444444	0.2222222222222222	0.1111111111111111
se.healthstatus.2013.isps-http-www	19	0.8421052631578947	0.7894736842105263	0.5263157894736842	0.2631578947368421	0.10526315789473684
se.healthstatus.2013.isps-https	6	0.8333333333333334	0.8333333333333334	0.8333333333333334	0.3333333333333333	0.16666666666666666
se.healthstatus.2013.isps-https-www	10	0.7	0.8	0.7	0.3	0.2
se.healthstatus.2013.media-http	25	0.92	0.8	0.96	0.6	0.16
se.healthstatus.2013.media-http-www	27	0.9259259259259259	0.8518518518518519	0.9259259259259259	0.5555555555555556	0.14814814814814814
se.healthstatus.2013.media-https	4	1	1	0.75	0.25	0
se.healthstatus.2013.media-https-www	5	1	0.8	1	0.6	0
se.healthstatus.2013.municipalities-http	239	0.8577405857740585	0.694560669456067	0.012552301255230125	0.20502092050209206	0.14225941422594143
se.healthstatus.2013.municipalities-http-www	258	0.8449612403100775	0.7015503875968992	0.011627906976744186	0.20930232558139536	0.13953488372093023
se.healthstatus.2013.municipalities-https	41	0.9024390243902439	0.5609756097560976	0	0.14634146341463414	0.12195121951219512
se.healthstatus.2013.municipalities-https-www	50	0.92	0.6	0	0.16	0.14
se.healthstatus.2013.public-authorities-http	162	0.845679012345679	0.5	0.037037037037037035	0.12962962962962962	0.08641975308641975
se.healthstatus.2013.public-authorities-http-www	188	0.851063829787234	0.4946808510638298	0.03723404255319149	0.1276595744680851	0.0797872340425532
se.healthstatus.2013.public-authorities-https	15	0.8666666666666667	0.3333333333333333	0.06666666666666667	0.13333333333333333	0.13333333333333333
se.healthstatus.2013.public-authorities-https-www	36	0.8333333333333334	0.4444444444444444	0.05555555555555555	0.25	0.16666666666666666
